iter	Logloss
0	0.6075389105
1	0.5438926814
2	0.4911765295
3	0.4540797109
4	0.4262596267
