iter	Logloss
0	0.5517881294
1	0.4453079632
2	0.380448567
3	0.3200190624
4	0.2908940752
5	0.2676186577
6	0.2583921904
7	0.2463705759
8	0.2348969677
9	0.2235702614
10	0.2177389548
11	0.2127709385
12	0.2088109142
13	0.2051200331
14	0.1998305229
15	0.1958347605
16	0.1928662152
17	0.1918071311
18	0.1905716125
19	0.1894122748
20	0.1871708138
21	0.1864134703
22	0.1858450436
23	0.1838068051
24	0.1824281105
25	0.1817927474
26	0.1814023532
27	0.1811118043
28	0.1807107163
29	0.1801423075
