iter	Logloss
0	0.6129529227
1	0.5512719861
2	0.5017664142
3	0.4614961611
4	0.4289887989
